{"accuracy": 0.8268156424581006, "precision": 0.8064516129032258, "recall": 0.7246376811594203, "f1": 0.7633587786259542}